{"cameraMode":{"drawMode":0,"name":"Shaded","section":"Shading Mode"},"sceneLighting":false,"audioPlay":false,"sceneViewState":{"showFog":true,"showMaterialUpdate":false,"showSkybox":false,"showFlares":true,"showImageEffects":true,"showParticleSystems":true},"in2DMode":false,"pivot":{"x":592.9464111328125,"y":-20.690698623657228,"z":276.254150390625},"rotation":{"x":0.14279651641845704,"y":0.18447203934192658,"z":-0.026895062997937204,"w":0.97214275598526},"size":74.7575912475586,"orthographic":false}