{"cameraMode":{"drawMode":0,"name":"Shaded","section":"Shading Mode"},"sceneLighting":false,"audioPlay":false,"sceneViewState":{"showFog":true,"showMaterialUpdate":false,"showSkybox":false,"showFlares":true,"showImageEffects":true,"showParticleSystems":true},"in2DMode":false,"pivot":{"x":618.1965942382813,"y":-13.318465232849121,"z":271.80133056640627},"rotation":{"x":0.0063234055414795879,"y":-0.771458625793457,"z":-0.007996125146746636,"w":-0.6363365054130554},"size":95.64915466308594,"orthographic":false}