{"cameraMode":{"drawMode":0,"name":"Shaded","section":"Shading Mode"},"sceneLighting":false,"audioPlay":false,"sceneViewState":{"showFog":true,"showMaterialUpdate":false,"showSkybox":false,"showFlares":true,"showImageEffects":true,"showParticleSystems":true},"in2DMode":false,"pivot":{"x":980.9219360351563,"y":-28.391010284423829,"z":252.00067138671876},"rotation":{"x":-0.01976466178894043,"y":0.8580795526504517,"z":0.512263298034668,"w":0.033747512847185138},"size":18.22072410583496,"orthographic":false}