{"cameraMode":{"drawMode":0,"name":"Shaded","section":"Shading Mode"},"sceneLighting":false,"audioPlay":false,"sceneViewState":{"showFog":true,"showMaterialUpdate":false,"showSkybox":false,"showFlares":true,"showImageEffects":true,"showParticleSystems":true},"in2DMode":false,"pivot":{"x":1.1490941047668458,"y":0.8575342893600464,"z":-8.761762619018555},"rotation":{"x":0.25080275535583498,"y":0.5997185707092285,"z":-0.20567895472049714,"w":0.7316067814826965},"size":0.8446304202079773,"orthographic":false}