{"cameraMode":{"drawMode":0,"name":"Shaded","section":"Shading Mode"},"sceneLighting":false,"audioPlay":false,"sceneViewState":{"showFog":true,"showMaterialUpdate":false,"showSkybox":false,"showFlares":true,"showImageEffects":true,"showParticleSystems":true},"in2DMode":false,"pivot":{"x":-3.168853759765625,"y":5.534150123596191,"z":-8.799131393432618},"rotation":{"x":0.006325998343527317,"y":0.8389758467674255,"z":0.009832058101892472,"w":-0.5441489219665527},"size":15.7456693649292,"orthographic":false}