{"cameraMode":{"drawMode":0,"name":"Shaded","section":"Shading Mode"},"sceneLighting":true,"audioPlay":false,"sceneViewState":{"showFog":true,"showMaterialUpdate":false,"showSkybox":true,"showFlares":true,"showImageEffects":true,"showParticleSystems":true},"in2DMode":false,"pivot":{"x":2.109999895095825,"y":1.1600000858306885,"z":-5.71999979019165},"rotation":{"x":-0.10511680692434311,"y":-0.010696999728679657,"z":0.001220168313011527,"w":-0.9944884181022644},"size":8.184981346130371,"orthographic":false}