{"cameraMode":{"drawMode":0,"name":"Shaded","section":"Shading Mode"},"sceneLighting":false,"audioPlay":false,"sceneViewState":{"showFog":true,"showMaterialUpdate":false,"showSkybox":false,"showFlares":true,"showImageEffects":true,"showParticleSystems":true},"in2DMode":false,"pivot":{"x":668.51318359375,"y":59.64295959472656,"z":881.3952026367188},"rotation":{"x":-0.2401570826768875,"y":0.7305622696876526,"z":-0.3145619034767151,"w":-0.5568116307258606},"size":674.5809936523438,"orthographic":false}