{"cameraMode":{"drawMode":0,"name":"Shaded","section":"Shading Mode"},"sceneLighting":false,"audioPlay":false,"sceneViewState":{"showFog":true,"showMaterialUpdate":false,"showSkybox":false,"showFlares":true,"showImageEffects":true,"showParticleSystems":true},"in2DMode":false,"pivot":{"x":0.009999752044677735,"y":-4.239999771118164,"z":3.2200002670288088},"rotation":{"x":-0.16367220878601075,"y":-0.21011769771575929,"z":0.035743918269872668,"w":-0.9633034467697144},"size":11.696393966674805,"orthographic":false}