{"cameraMode":{"drawMode":0,"name":"Shaded","section":"Shading Mode"},"sceneLighting":false,"audioPlay":false,"sceneViewState":{"showFog":true,"showMaterialUpdate":false,"showSkybox":false,"showFlares":true,"showImageEffects":true,"showParticleSystems":true},"in2DMode":false,"pivot":{"x":690.72998046875,"y":-42.68000030517578,"z":1453.489990234375},"rotation":{"x":0.09918245673179627,"y":-0.7561748027801514,"z":0.11806879192590714,"w":0.6360113024711609},"size":10.88249683380127,"orthographic":false}