{"cameraMode":{"drawMode":0,"name":"Shaded","section":"Shading Mode"},"sceneLighting":false,"audioPlay":false,"sceneViewState":{"showFog":true,"showMaterialUpdate":false,"showSkybox":false,"showFlares":true,"showImageEffects":true,"showParticleSystems":true},"in2DMode":false,"pivot":{"x":427.83697509765627,"y":-44.630001068115237,"z":880.1781005859375},"rotation":{"x":-0.012439348734915257,"y":-0.9466890692710877,"z":0.034123439341783527,"w":-0.3207901120185852},"size":87.52393341064453,"orthographic":false}