{"cameraMode":{"drawMode":0,"name":"Shaded","section":"Shading Mode"},"sceneLighting":true,"audioPlay":false,"sceneViewState":{"showFog":true,"showMaterialUpdate":false,"showSkybox":true,"showFlares":true,"showImageEffects":true,"showParticleSystems":true},"in2DMode":false,"pivot":{"x":5.748512268066406,"y":7.856514930725098,"z":-7.455252170562744},"rotation":{"x":-0.16518305242061616,"y":0.1642875373363495,"z":-0.02788480371236801,"w":-0.9721139073371887},"size":7.835142135620117,"orthographic":false}