{"cameraMode":{"drawMode":0,"name":"Shaded","section":"Shading Mode"},"sceneLighting":false,"audioPlay":false,"sceneViewState":{"showFog":true,"showMaterialUpdate":false,"showSkybox":false,"showFlares":true,"showImageEffects":true,"showParticleSystems":true},"in2DMode":false,"pivot":{"x":605.5194091796875,"y":11.644916534423829,"z":1379.594970703125},"rotation":{"x":-0.19659170508384705,"y":0.2758438289165497,"z":-0.05758510157465935,"w":-0.9391719698905945},"size":111.90950775146485,"orthographic":false}