{"cameraMode":{"drawMode":0,"name":"Shaded","section":"Shading Mode"},"sceneLighting":true,"audioPlay":false,"sceneViewState":{"showFog":true,"showMaterialUpdate":false,"showSkybox":true,"showFlares":true,"showImageEffects":true,"showParticleSystems":true},"in2DMode":false,"pivot":{"x":472.6751403808594,"y":16.807205200195314,"z":806.0999755859375},"rotation":{"x":0.17844800651073457,"y":-0.7223983407020569,"z":0.2025332897901535,"w":0.6366855502128601},"size":180.52943420410157,"orthographic":false}