{"cameraMode":{"drawMode":0,"name":"Shaded","section":"Shading Mode"},"sceneLighting":false,"audioPlay":false,"sceneViewState":{"showFog":true,"showMaterialUpdate":false,"showSkybox":false,"showFlares":true,"showImageEffects":true,"showParticleSystems":true},"in2DMode":false,"pivot":{"x":0.009999752044677735,"y":-4.239999771118164,"z":3.2200002670288088},"rotation":{"x":-0.2584734261035919,"y":0.6752969622612,"z":-0.27544668316841128,"w":-0.6336064338684082},"size":11.696393966674805,"orthographic":false}