{"cameraMode":{"drawMode":0,"name":"Shaded","section":"Shading Mode"},"sceneLighting":false,"audioPlay":false,"sceneViewState":{"showFog":true,"showMaterialUpdate":false,"showSkybox":false,"showFlares":true,"showImageEffects":true,"showParticleSystems":true},"in2DMode":false,"pivot":{"x":134.13645935058595,"y":-34.984458923339847,"z":327.0960388183594},"rotation":{"x":-0.07433334738016129,"y":-0.15551303327083589,"z":0.011657805182039738,"w":-0.9850091338157654},"size":39.28359603881836,"orthographic":false}