{"cameraMode":{"drawMode":0,"name":"Shaded","section":"Shading Mode"},"sceneLighting":true,"audioPlay":false,"sceneViewState":{"showFog":true,"showMaterialUpdate":false,"showSkybox":true,"showFlares":true,"showImageEffects":true,"showParticleSystems":true},"in2DMode":false,"pivot":{"x":373.0321960449219,"y":6.900001525878906,"z":246.3000030517578},"rotation":{"x":0.04924562945961952,"y":-0.918232798576355,"z":-0.12110038101673126,"w":-0.3739234507083893},"size":166.66761779785157,"orthographic":false}