{"cameraMode":{"drawMode":0,"name":"Shaded","section":"Shading Mode"},"sceneLighting":false,"audioPlay":false,"sceneViewState":{"showFog":true,"showMaterialUpdate":false,"showSkybox":false,"showFlares":true,"showImageEffects":true,"showParticleSystems":true},"in2DMode":false,"pivot":{"x":1672.4000244140625,"y":-39.900001525878909,"z":292.7300109863281},"rotation":{"x":0.005709575489163399,"y":0.9937294721603394,"z":-0.10748964548110962,"w":0.03892521932721138},"size":22.030773162841798,"orthographic":false}