{"cameraMode":{"drawMode":0,"name":"Shaded","section":"Shading Mode"},"sceneLighting":false,"audioPlay":false,"sceneViewState":{"showFog":true,"showMaterialUpdate":false,"showSkybox":false,"showFlares":true,"showImageEffects":true,"showParticleSystems":true},"in2DMode":false,"pivot":{"x":696.5206298828125,"y":-36.75004959106445,"z":821.9959106445313},"rotation":{"x":-0.001841798541136086,"y":0.995648205280304,"z":-0.09167015552520752,"w":-0.021809780970215799},"size":35.71645736694336,"orthographic":false}