{"cameraMode":{"drawMode":0,"name":"Shaded","section":"Shading Mode"},"sceneLighting":false,"audioPlay":false,"sceneViewState":{"showFog":true,"showMaterialUpdate":false,"showSkybox":false,"showFlares":true,"showImageEffects":true,"showParticleSystems":true},"in2DMode":false,"pivot":{"x":-72.51934814453125,"y":6.187159538269043,"z":97.2900161743164},"rotation":{"x":0.03216627612709999,"y":-0.9176262617111206,"z":0.3888521194458008,"w":0.07618145644664765},"size":26.5013427734375,"orthographic":false}