{"cameraMode":{"drawMode":0,"name":"Shaded","section":"Shading Mode"},"sceneLighting":true,"audioPlay":false,"sceneViewState":{"showFog":true,"showMaterialUpdate":false,"showSkybox":true,"showFlares":true,"showImageEffects":true,"showParticleSystems":true},"in2DMode":false,"pivot":{"x":1643.16650390625,"y":-1.8115143775939942,"z":280.0339050292969},"rotation":{"x":-0.003364946460351348,"y":-0.9920368790626526,"z":-0.12433519214391709,"w":0.02453799545764923},"size":30.95208168029785,"orthographic":false}