{"cameraMode":{"drawMode":0,"name":"Shaded","section":"Shading Mode"},"sceneLighting":false,"audioPlay":false,"sceneViewState":{"showFog":true,"showMaterialUpdate":false,"showSkybox":false,"showFlares":true,"showImageEffects":true,"showParticleSystems":true},"in2DMode":false,"pivot":{"x":541.0999755859375,"y":59.5,"z":882.4000244140625},"rotation":{"x":-0.23501712083816529,"y":-0.0663544312119484,"z":0.016214322298765184,"w":-0.9696290493011475},"size":842.1117553710938,"orthographic":false}