{"cameraMode":{"drawMode":0,"name":"Shaded","section":"Shading Mode"},"sceneLighting":false,"audioPlay":false,"sceneViewState":{"showFog":true,"showMaterialUpdate":false,"showSkybox":false,"showFlares":true,"showImageEffects":true,"showParticleSystems":true},"in2DMode":false,"pivot":{"x":151.31295776367188,"y":-29.833560943603517,"z":329.6035461425781},"rotation":{"x":-0.006454310845583677,"y":-0.9859320521354675,"z":0.1629614233970642,"w":-0.038481105118989947},"size":2.8578836917877199,"orthographic":false}