{"cameraMode":{"drawMode":0,"name":"Shaded","section":"Shading Mode"},"sceneLighting":false,"audioPlay":false,"sceneViewState":{"showFog":true,"showMaterialUpdate":false,"showSkybox":false,"showFlares":true,"showImageEffects":true,"showParticleSystems":true},"in2DMode":false,"pivot":{"x":4.699999809265137,"y":6.099999904632568,"z":-3.299999952316284},"rotation":{"x":0.1586700826883316,"y":-0.6948227286338806,"z":0.1614282876253128,"w":0.6827680468559265},"size":2.8578836917877199,"orthographic":false}