{"cameraMode":{"drawMode":0,"name":"Shaded","section":"Shading Mode"},"sceneLighting":false,"audioPlay":false,"sceneViewState":{"showFog":true,"showMaterialUpdate":false,"showSkybox":false,"showFlares":true,"showImageEffects":true,"showParticleSystems":true},"in2DMode":false,"pivot":{"x":684.0323486328125,"y":-40.18718338012695,"z":1434.9774169921875},"rotation":{"x":-0.02235429547727108,"y":0.8770373463630676,"z":-0.04110994189977646,"w":-0.47821226716041567},"size":45.77062225341797,"orthographic":false}