{"cameraMode":{"drawMode":0,"name":"Shaded","section":"Shading Mode"},"sceneLighting":false,"audioPlay":false,"sceneViewState":{"showFog":true,"showMaterialUpdate":false,"showSkybox":false,"showFlares":true,"showImageEffects":true,"showParticleSystems":true},"in2DMode":false,"pivot":{"x":-0.30077457427978518,"y":3.6089859008789064,"z":-1.5315990447998047},"rotation":{"x":-0.04308738186955452,"y":0.9265901446342468,"z":-0.11201868951320648,"w":-0.35640764236450198},"size":17.578845977783204,"orthographic":false}