{"cameraMode":{"drawMode":0,"name":"Shaded","section":"Shading Mode"},"sceneLighting":false,"audioPlay":false,"sceneViewState":{"showFog":true,"showMaterialUpdate":false,"showSkybox":false,"showFlares":true,"showImageEffects":true,"showParticleSystems":true},"in2DMode":false,"pivot":{"x":-1.0184128284454346,"y":25.299999237060548,"z":33.582313537597659},"rotation":{"x":-0.2870514392852783,"y":0.26397237181663515,"z":-0.08261240273714066,"w":-0.9171963334083557},"size":10.380293846130371,"orthographic":false}