{"cameraMode":{"drawMode":0,"name":"Shaded","section":"Shading Mode"},"sceneLighting":false,"audioPlay":false,"sceneViewState":{"showFog":true,"showMaterialUpdate":false,"showSkybox":false,"showFlares":true,"showImageEffects":true,"showParticleSystems":true},"in2DMode":false,"pivot":{"x":518.502197265625,"y":34.453125,"z":626.9759521484375},"rotation":{"x":0.2588462829589844,"y":-0.7344018816947937,"z":0.38283830881118777,"w":0.4974156618118286},"size":78.05254364013672,"orthographic":false}