{"cameraMode":{"drawMode":0,"name":"Shaded","section":"Shading Mode"},"sceneLighting":false,"audioPlay":false,"sceneViewState":{"showFog":true,"showMaterialUpdate":false,"showSkybox":false,"showFlares":true,"showImageEffects":true,"showParticleSystems":true},"in2DMode":false,"pivot":{"x":595.1395263671875,"y":-13.329584121704102,"z":366.52008056640627},"rotation":{"x":0.029666295275092126,"y":0.969383955001831,"z":-0.14678955078125,"w":0.19508393108844758},"size":13.388495445251465,"orthographic":false}