{"cameraMode":{"drawMode":0,"name":"Shaded","section":"Shading Mode"},"sceneLighting":false,"audioPlay":false,"sceneViewState":{"showFog":true,"showMaterialUpdate":false,"showSkybox":false,"showFlares":true,"showImageEffects":true,"showParticleSystems":true},"in2DMode":false,"pivot":{"x":1083.187255859375,"y":-498.8184509277344,"z":357.0299377441406},"rotation":{"x":0.2700428068637848,"y":-0.6204990744590759,"z":0.2424994707107544,"w":0.6955968737602234},"size":742.1764526367188,"orthographic":false}