{"cameraMode":{"drawMode":0,"name":"Shaded","section":"Shading Mode"},"sceneLighting":false,"audioPlay":false,"sceneViewState":{"showFog":true,"showMaterialUpdate":false,"showSkybox":false,"showFlares":true,"showImageEffects":true,"showParticleSystems":true},"in2DMode":false,"pivot":{"x":670.0360107421875,"y":-40.931732177734378,"z":1441.66552734375},"rotation":{"x":0.05007455125451088,"y":-0.9451195597648621,"z":0.2711332142353058,"w":0.17582917213439942},"size":15.678608894348145,"orthographic":false}