{"cameraMode":{"drawMode":0,"name":"Shaded","section":"Shading Mode"},"sceneLighting":false,"audioPlay":false,"sceneViewState":{"showFog":true,"showMaterialUpdate":false,"showSkybox":false,"showFlares":true,"showImageEffects":true,"showParticleSystems":true},"in2DMode":false,"pivot":{"x":186.83236694335938,"y":-77.58848571777344,"z":173.2981414794922},"rotation":{"x":-0.16068987548351289,"y":-0.37059304118156435,"z":0.0652654692530632,"w":-0.9125263094902039},"size":2.8578836917877199,"orthographic":false}