{"cameraMode":{"drawMode":0,"name":"Shaded","section":"Shading Mode"},"sceneLighting":true,"audioPlay":false,"sceneViewState":{"showFog":true,"showMaterialUpdate":false,"showSkybox":true,"showFlares":true,"showImageEffects":true,"showParticleSystems":true},"in2DMode":false,"pivot":{"x":7.387840270996094,"y":2.1970882415771486,"z":15.850460052490235},"rotation":{"x":0.0571853443980217,"y":-0.8901746273040772,"z":0.43695327639579775,"w":0.1165224239230156},"size":29.446407318115236,"orthographic":false}