{"cameraMode":{"drawMode":0,"name":"Shaded","section":"Shading Mode"},"sceneLighting":true,"audioPlay":false,"sceneViewState":{"showFog":true,"showMaterialUpdate":false,"showSkybox":true,"showFlares":true,"showImageEffects":true,"showParticleSystems":true},"in2DMode":false,"pivot":{"x":544.5018310546875,"y":64.02497863769531,"z":645.6907348632813},"rotation":{"x":-0.026562819257378579,"y":0.07723966240882874,"z":0.0026886716950684788,"w":0.9968506097793579},"size":5.979125499725342,"orthographic":false}