{"cameraMode":{"drawMode":0,"name":"Shaded","section":"Shading Mode"},"sceneLighting":true,"audioPlay":false,"sceneViewState":{"showFog":true,"showMaterialUpdate":false,"showSkybox":true,"showFlares":true,"showImageEffects":true,"showParticleSystems":true},"in2DMode":false,"pivot":{"x":-14.490649223327637,"y":3.308703899383545,"z":11.254636764526368},"rotation":{"x":0.10400410741567612,"y":-0.40844523906707766,"z":0.04685627296566963,"w":0.9057325124740601},"size":29.446407318115236,"orthographic":false}