{"cameraMode":{"drawMode":0,"name":"Shaded","section":"Shading Mode"},"sceneLighting":false,"audioPlay":false,"sceneViewState":{"showFog":true,"showMaterialUpdate":false,"showSkybox":false,"showFlares":true,"showImageEffects":true,"showParticleSystems":true},"in2DMode":false,"pivot":{"x":4.699999809265137,"y":6.099999904632568,"z":-3.299999952316284},"rotation":{"x":-0.03766193240880966,"y":0.9609960913658142,"z":-0.21873927116394044,"w":-0.1653319001197815},"size":2.8578836917877199,"orthographic":false}